{"m_version":0,"m_uiStates":{"m_keys":[-64836,64202,68026],"m_values":[{"m_graphViewTransforms":{"m_keys":[0],"m_values":[{"pos":{"x":-382.6666564941406,"y":288.6666564941406,"z":0.0},"scale":{"x":0.8695651888847351,"y":0.8695651888847351,"z":1.0}}]}},{"m_graphViewTransforms":{"m_keys":[0],"m_values":[{"pos":{"x":208.0,"y":575.3333129882813,"z":0.0},"scale":{"x":1.0,"y":1.0,"z":1.0}}]}},{"m_graphViewTransforms":{"m_keys":[0],"m_values":[{"pos":{"x":208.0,"y":575.3333129882813,"z":0.0},"scale":{"x":1.0,"y":1.0,"z":1.0}}]}}]}}